<?xml version="1.0" encoding="UTF-8"?>
<!--
  ~ security.xml
  ~ Copyright (C) 2013 Karthikeyan Vaithilingam <seenukarthi@gmail.com>
  ~
  ~ spring-remoting-webclient is free software: you can redistribute it and/or modify it
  ~ under the terms of the GNU General Public License as published by the
  ~ Free Software Foundation, either version 3 of the License, or
  ~ (at your option) any later version.
  ~
  ~ spring-remoting-webclient is distributed in the hope that it will be useful, but
  ~ WITHOUT ANY WARRANTY; without even the implied warranty of
  ~ MERCHANTABILITY or FITNESS FOR A PARTICULAR PURPOSE.
  ~ See the GNU General Public License for more details.
  ~
  ~ You should have received a copy of the GNU General Public License along
  ~ with this program.  If not, see <http://www.gnu.org/licenses/>.
  -->

<beans:beans xmlns="http://www.springframework.org/schema/security"
	xmlns:xsi="http://www.w3.org/2001/XMLSchema-instance"
	xmlns:beans="http://www.springframework.org/schema/beans"
	xsi:schemaLocation="http://www.springframework.org/schema/security http://www.springframework.org/schema/security/spring-security-3.1.xsd
		http://www.springframework.org/schema/beans http://www.springframework.org/schema/beans/spring-beans-3.2.xsd">


    <http auto-config="true">
        <intercept-url pattern="/**" access="IS_AUTHENTICATED_FULLY"/>
        <form-login/>
    </http>

    <authentication-manager alias="authenticationManager">
        <authentication-provider user-service-ref="userService"/>
    </authentication-manager>

</beans:beans>