<?xml version="1.0" encoding="UTF-8"?>
<!--
  ~ applicationContext.xml
  ~ Copyright (C) 2013 Karthikeyan Vaithilingam <seenukarthi@gmail.com>
  ~
  ~ spring-remoting-server is free software: you can redistribute it and/or modify it
  ~ under the terms of the GNU General Public License as published by the
  ~ Free Software Foundation, either version 3 of the License, or
  ~ (at your option) any later version.
  ~
  ~ spring-remoting-server is distributed in the hope that it will be useful, but
  ~ WITHOUT ANY WARRANTY; without even the implied warranty of
  ~ MERCHANTABILITY or FITNESS FOR A PARTICULAR PURPOSE.
  ~ See the GNU General Public License for more details.
  ~
  ~ You should have received a copy of the GNU General Public License along
  ~ with this program.  If not, see <http://www.gnu.org/licenses/>.
  -->

<beans xmlns="http://www.springframework.org/schema/beans"
       xmlns:xsi="http://www.w3.org/2001/XMLSchema-instance"
       xsi:schemaLocation="http://www.springframework.org/schema/beans http://www.springframework.org/schema/beans/spring-beans-3.2.xsd">


	<bean id="userServiceExporter" class="org.springframework.remoting.rmi.RmiServiceExporter">
        <property name="serviceName" value="UserService"/>
        <property name="service" ref="userDetails"/>
        <property name="serviceInterface" value="org.springframework.security.core.userdetails.UserDetailsService"/>
        <!-- defaults to 1099 -->
        <property name="registryPort" value="1099"/>
    </bean>

	<bean id="userDetails" class="com.seenukarthi.springremoting.server.security.userdetails.UserDetailsManagerImpl"/>


</beans>